{
  "id": "3406778",
  "name": "musicV2",
  "font_family": "iconfont",
  "css_prefix_text": "icon-",
  "description": "",
  "glyphs": [
    {
      "icon_id": "4933160",
      "name": "喜欢",
      "font_class": "xihuan",
      "unicode": "e6ca",
      "unicode_decimal": 59082
    },
    {
      "icon_id": "5961323",
      "name": "运行",
      "font_class": "yunhang",
      "unicode": "ec61",
      "unicode_decimal": 60513
    },
    {
      "icon_id": "6129085",
      "name": "49最后一页、末页、下一首",
      "font_class": "zuihouyiyemoyexiayishou",
      "unicode": "e76d",
      "unicode_decimal": 59245
    },
    {
      "icon_id": "6129086",
      "name": "48第一页、首页、上一首",
      "font_class": "diyiyeshouyeshangyishou",
      "unicode": "e76e",
      "unicode_decimal": 59246
    },
    {
      "icon_id": "20316558",
      "name": "中止",
      "font_class": "lianxi2hebing-15",
      "unicode": "e628",
      "unicode_decimal": 58920
    }
  ]
}
